{"cameraMode":{"drawMode":0,"name":"Shaded","section":"Shading Mode"},"sceneLighting":true,"audioPlay":false,"sceneViewState":{"m_AlwaysRefresh":true,"showFog":true,"showSkybox":true,"showFlares":true,"showImageEffects":true,"showParticleSystems":true,"showVisualEffectGraphs":true,"m_FxEnabled":true},"in2DMode":false,"pivot":{"x":127.97523498535156,"y":168.8233642578125,"z":185.75369262695313},"rotation":{"x":-0.12477082014083862,"y":-0.8576028943061829,"z":0.43525972962379458,"w":-0.24460859596729279},"size":25.106075286865236,"orthographic":false}