{"cameraMode":{"drawMode":2,"name":"Shaded Wireframe","section":"Shading Mode"},"sceneLighting":true,"audioPlay":false,"sceneViewState":{"m_AlwaysRefresh":true,"showFog":true,"showSkybox":true,"showFlares":true,"showImageEffects":true,"showParticleSystems":true,"showVisualEffectGraphs":true,"m_FxEnabled":true},"in2DMode":false,"pivot":{"x":387.55450439453127,"y":63.091033935546878,"z":304.2990417480469},"rotation":{"x":0.002366335829719901,"y":0.9863256216049194,"z":0.00994142983108759,"w":-0.16570617258548737},"size":0.16299517452716828,"orthographic":false}